a,b,c,
1.0000000000000000,7.8166828155517578,0.9856023788452148
2.0000000000000000,5.7026185989379883,0.6958459615707397
3.0000000000000000,4.0688762664794922,0.4533322155475616
4.0000000000000000,3.2114522457122803,0.2888044416904449
5.0000000000000000,2.8471727371215820,0.1724362075328827
6.0000000000000000,2.6056280136108398,0.1085525974631310
7.0000000000000000,2.4316143989562988,0.1946996748447418
8.0000000000000000,2.4193508625030518,0.3979434370994568
9.0000000000000000,2.2714776992797852,0.4153022766113281
10.0000000000000000,1.9802531003952026,0.2260321974754333
20.0000000000000000,0.6571701765060425,0.0097915623337030
30.0000000000000000,0.3245198726654053,0.0109499692916870
40.0000000000000000,0.1093474030494690,0.0027945092879236
50.0000000000000000,0.0310370586812496,0.0015227518742904
60.0000000000000000,0.0086297793313861,0.0002261021727463
70.0000000000000000,0.0062142913229764,0.0001080952279153
80.0000000000000000,0.0049394890666008,0.0000470460799988
90.0000000000000000,0.0035713557153940,0.0000304507320834
100.0000000000000000,0.0027944305911660,0.0000167431808222
200.0000000000000000,0.0003011041844729,0.0000018532572312
300.0000000000000000,0.0001016996538965,0.0000005885766541
400.0000000000000000,0.0000425789803558,0.0000002264037562
500.0000000000000000,0.0000276879181911,0.0000001430853303
600.0000000000000000,0.0000215709114855,0.0000001130744138
700.0000000000000000,0.0000171768133441,0.0000000892817695
800.0000000000000000,0.0000144818332046,0.0000000740282999
900.0000000000000000,0.0000116922719826,0.0000000575136703
1000.0000000000000000,0.0000104835244201,0.0000000501389650
2000.0000000000000000,0.0000044959510888,0.0000000132274174
3000.0000000000000000,0.0000035413318074,0.0000000085274001
4000.0000000000000000,0.0000031504316667,0.0000000074548456
5000.0000000000000000,0.0000029057589472,0.0000000070702550
6000.0000000000000000,0.0000027273576961,0.0000000068774360
7000.0000000000000000,0.0000025988508696,0.0000000067474533
8000.0000000000000000,0.0000024865439627,0.0000000066216659
9000.0000000000000000,0.0000023881793823,0.0000000064836740
10000.0000000000000000,0.0000022950578114,0.0000000063339538
20000.0000000000000000,0.0000014066001768,0.0000000041245434
30000.0000000000000000,0.0000009335385016,0.0000000027047988
40000.0000000000000000,0.0000006758575068,0.0000000019590409
50000.0000000000000000,0.0000005053540804,0.0000000014583086
60000.0000000000000000,0.0000003898168188,0.0000000011166241
70000.0000000000000000,0.0000003061808229,0.0000000008726392
80000.0000000000000000,0.0000002427368884,0.0000000006795272
90000.0000000000000000,0.0000001951047039,0.0000000005378608
99998.0000000000000000,0.0000001575864985,0.0000000004270951
