0.0057328333094704,-0.0036736163291362
0.0171984999284113,-0.0032640471547009
0.0286641665473521,-0.0028641653409399
0.0401298331662930,-0.0024749326576229
0.0515954997852338,-0.0020972650970915
0.0630611664041747,-0.0017320313505899
0.0745268330231155,-0.0013800514020908
0.0859924996420564,-0.0010420952333375
0.0974581662609972,-0.0007188816333955
0.1089238328799381,-0.0004110771056824
0.1203894994988789,-0.0001192948652433
0.1318551661178198,0.0001559060810109
0.1433208327367606,0.0004140217783279
0.1547864993557015,0.0006546040994381
0.1662521659746423,0.0008772614579278
0.1777178325935832,0.0010816594659628
0.1891834992125240,0.0012675215421544
0.2006491658314649,0.0014346294747165
0.2121148324504057,0.0015828239442911
0.2235804990693466,0.0017120050100081
0.2350461656882874,0.0018221325613620
0.2465118323072283,0.0019132267374696
0.2579774989261692,0.0019853683141413
0.2694431655451100,0.0020386990579507
0.2809088321640508,0.0020734220452264
0.2923744987829917,0.0020898019424740
0.3038401654019325,0.0020881652432840
0.3153058320208734,0.0020689004552510
0.3267714986398143,0.0020324582288282
0.3382371652587551,0.0019793514183652
0.3497028318776960,0.0019101550638654
0.3611684984966368,0.0018255062801793
0.3726341651155776,0.0017261040385843
0.3840998317345185,0.0016127088237718
0.3955654983534593,0.0014861421473711
0.4070311649724002,0.0013472858972499
0.4184968315913410,0.0011970814998522
0.4299624982102819,0.0010365288709209
0.4414281648292228,0.0008666851280437
0.4528938314481636,0.0006886630365742
0.4643594980671044,0.0005036291586816
0.4758251646860454,0.0003128016735302
0.4872908313049862,0.0001174478350014
0.4987564979239270,-0.0000811189681217
0.5102221645428678,-0.0002815425858469
0.5216878311618087,-0.0004824279519611
0.5331534977807495,-0.0006823454384983
0.5446191643996904,-0.0008798357583072
0.5560848310186313,-0.0010734154544297
0.5675504976375721,-0.0012615830145603
0.5790161642565129,-0.0014428256479359
0.5904818308754538,-0.0016156267604359
0.6019474974943947,-0.0017784741614178
0.6134131641133355,-0.0019298690326803
0.6248788307322763,-0.0020683356860020
0.6363444973512172,-0.0021924321305706
0.6478101639701580,-0.0023007614654484
0.6592758305890990,-0.0023919841046147
0.6707414972080398,-0.0024648308331587
0.6822071638269805,-0.0025181166825225
0.6936728304459215,-0.0025507556002655
0.7051384970648623,-0.0025617758754527
0.7166041636838031,-0.0025503362641880
0.7280698303027441,-0.0025157427409632
0.7395354969216849,-0.0024574657801122
0.7510011635406257,-0.0023751580475719
0.7624668301595666,-0.0022686723562195
0.7739324967785074,-0.0021380797081529
0.7853981633974483,-0.0019836872141175
0.7968638300163892,-0.0018060556441018
0.8083294966353299,-0.0016060163234552
0.8197951632542708,-0.0013846870462059
0.8312608298732117,-0.0011434866313501
0.8427264964921526,-0.0008841476992012
0.8541921631110934,-0.0006087271938228
0.8656578297300342,-0.0003196141245608
0.8771234963489751,-0.0000195339458547
0.8885891629679159,0.0002884510593000
0.9000548295868568,0.0006009460789427
0.9115204962057977,0.0009142334900426
0.9229861628247384,0.0012242887725253
0.9344518294436793,0.0015268034309037
0.9459174960626201,0.0018172157561306
0.9573831626815611,0.0020907502646853
0.9688488293005020,0.0023424666347193
0.9803144959194428,0.0025673189145866
0.9917801625383835,0.0027602257015629
1.0032458291573243,0.0029161518713220
1.0147114957762653,0.0030302022758473
1.0261771623952063,0.0030977276132443
1.0376428290141471,0.0031144424032310
1.0491084956330878,0.0030765546755466
1.0605741622520286,0.0029809065973898
1.0720398288709696,0.0028251248383966
1.0835054954899104,0.0026077790130676
1.0949711621088514,0.0023285460757778
1.1064368287277921,0.0019883781080886
1.1179024953467329,0.0015896705785829
1.1293681619656737,0.0011364279275395
1.1408338285846147,0.0006344232906765
1.1522994952035555,0.0000913493770560
1.1637651618224965,-0.0004830420283853
1.1752308284414372,-0.0010768138124754
1.1866964950603780,-0.0016757317391814
1.1981621616793190,-0.0022631680487688
1.2096278282982598,-0.0028200222673392
1.2210934949172005,-0.0033246643518671
1.2325591615361415,-0.0037529130397952
1.2440248281550823,-0.0040780774295499
1.2554904947740233,-0.0042711165457019
1.2669561613929641,-0.0043010153406183
1.2784218280119048,-0.0041355425754107
1.2898874946308456,-0.0037426524046358
1.3013531612497866,-0.0030929203876522
1.3128188278687274,-0.0021635605909279
1.3242844944876684,-0.0009447288654658
1.3357501611066092,0.0005510835280231
1.3472158277255499,0.0022758502111319
1.3586814943444907,0.0041288012183219
1.3701471609634315,0.0059363396592644
1.3816128275823727,0.0074329819538861
1.3930784942013135,0.0082521958747022
1.4045441608202542,0.0079439071488172
1.4160098274391950,0.0060460754155572
1.4274754940581358,0.0022479539348905
1.4389411606770768,-0.0033180627912477
1.4504068272960178,-0.0096563529449046
1.4618724939149585,-0.0144839643824870
1.4733381605338993,-0.0142083371314027
1.4848038271528401,-0.0051759436978449
1.4962694937717809,0.0125795875298211
1.5077351603907219,0.0288351997181817
1.5192008270096629,0.0191176773299455
1.5306664936286036,-0.0354514122979512
1.5421321602475444,-0.0507424358858991
1.5535978268664852,0.1542434099574335
1.5650634934854262,-0.2097233992184333
1.5765291601043669,0.1620160107481213
1.5879948267233079,-0.0309413439503003
1.5994604933422487,-0.0369059369415909
1.6109261599611895,-0.0044164461026776
1.6223918265801305,0.0162134912789110
1.6338574931990713,0.0178091641982376
1.6453231598180120,0.0089193171699789
1.6567888264369530,-0.0011981751564071
1.6682544930558938,-0.0076646667719629
1.6797201596748346,-0.0095881681106454
1.6911858262937756,-0.0081424363355356
1.7026514929127163,-0.0050048389548540
1.7141171595316571,-0.0015547065281032
1.7255828261505981,0.0013604489988718
1.7370484927695389,0.0033697034320635
1.7485141593884799,0.0044289037024853
1.7599798260074206,0.0046744205939963
1.7714454926263614,0.0043151868281327
1.7829111592453022,0.0035659608883377
1.7943768258642432,0.0026128875182148
1.8058424924831842,0.0016004534873244
1.8173081591021250,0.0006308128514182
1.8287738257210657,-0.0002308077831109
1.8402394923400065,-0.0009485138865516
1.8517051589589473,-0.0015081031720892
1.8631708255778880,-0.0019103960297282
1.8746364921968293,-0.0021658836362096
1.8861021588157700,-0.0022906858083298
1.8975678254347108,-0.0023036481236836
1.9090334920536516,-0.0022243552655564
1.9204991586725924,-0.0020718419389765
1.9319648252915331,-0.0018638123701193
1.9434304919104741,-0.0016162167193849
1.9548961585294149,-0.0013430687866085
1.9663618251483561,-0.0010564203158314
1.9778274917672969,-0.0007664319360797
1.9892931583862377,-0.0004814995990896
2.0007588250051787,-0.0002084091680719
2.0122244916241194,0.0000474984033664
2.0236901582430602,0.0002821621243325
2.0351558248620010,0.0004926425661390
2.0466214914809417,0.0006769733977036
2.0580871580998825,0.0008340244123833
2.0695528247188233,0.0009633764979032
2.0810184913377645,0.0010652083712108
2.0924841579567053,0.0011401945674855
2.1039498245756461,0.0011894140186396
2.1154154911945873,0.0012142685047462
2.1268811578135280,0.0012164102636375
2.1383468244324688,0.0011976780708082
2.1498124910514096,0.0011600411375174
2.1612781576703504,0.0011055502114519
2.1727438242892911,0.0010362952979006
2.1842094909082319,0.0009543694493130
2.1956751575271727,0.0008618380977783
2.2071408241461139,0.0007607134293084
2.2186064907650547,0.0006529333218807
2.2300721573839954,0.0005403443919451
2.2415378240029362,0.0004246887169020
2.2530034906218770,0.0003075938246283
2.2644691572408182,0.0001905655652490
2.2759348238597590,0.0000749835052053
2.2874004904786998,-0.0000379014909788
2.2988661570976405,-0.0001469678002877
2.3103318237165813,-0.0002512219856551
2.3217974903355221,-0.0003497964035708
2.3332631569544633,-0.0004419457085660
2.3447288235734041,-0.0005270424645728
2.3561944901923448,-0.0006045720504375
2.3676601568112856,-0.0006741270254499
2.3791258234302264,-0.0007354011005870
2.3905914900491672,-0.0007881828424738
2.4020571566681084,-0.0008323492198095
2.4135228232870491,-0.0008678590861836
2.4249884899059899,-0.0008947466788798
2.4364541565249307,-0.0009131152002873
2.4479198231438719,-0.0009231305369384
2.4593854897628127,-0.0009250151608472
2.4708511563817535,-0.0009190422486894
2.4823168230006942,-0.0009055300463273
2.4937824896196350,-0.0008848364991837
2.5052481562385758,-0.0008573541628754
2.5167138228575165,-0.0008235054033509
2.5281794894764573,-0.0007837378912606
2.5396451560953985,-0.0007385203915977
2.5511108227143393,-0.0006883388464565
2.5625764893332801,-0.0006336927461835
2.5740421559522213,-0.0005750917820697
2.5855078225711621,-0.0005130527720669
2.5969734891901028,-0.0004480968496441
2.6084391558090436,-0.0003807469049368
2.6199048224279844,-0.0003115252666014
2.6313704890469252,-0.0002409516122782
2.6428361556658659,-0.0001695410953084
2.6543018222848067,-0.0000978026751951
2.6657674889037475,-0.0000262376393372
2.6772331555226887,0.0000446616962888
2.6886988221416295,0.0001144131196298
2.7001644887605707,0.0001825455000111
2.7116301553795115,0.0002485996219882
2.7230958219984522,0.0003121288865900
2.7345614886173930,0.0003726998905188
2.7460271552363338,0.0004298928933659
2.7574928218552746,0.0004833021824480
2.7689584884742153,0.0005325363443281
2.7804241550931561,0.0005772184515987
2.7918898217120969,0.0006169861730064
2.8033554883310376,0.0006514918144846
2.8148211549499789,0.0006804022982053
2.8262868215689201,0.0007033990862482
2.8377524881878609,0.0007201780550649
2.8492181548068016,0.0007304493264586
2.8606838214257424,0.0007339370603832
2.8721494880446832,0.0007303792144512
2.8836151546636239,0.0007195272746776
2.8950808212825647,0.0007011459616013
2.9065464879015055,0.0006750129155921
2.9180121545204463,0.0006409183648330
2.9294778211393870,0.0005986647791301
2.9409434877583283,0.0005480665124700
2.9524091543772690,0.0004889494369218
2.9638748209962102,0.0004211505702596
2.9753404876151510,0.0003445176994334
2.9868061542340918,0.0002589090018304
2.9982718208530326,0.0001641926660028
3.0097374874719733,0.0000602465134255
3.0212031540909141,-0.0000530423773776
3.0326688207098549,-0.0001757780431428
3.0441344873287957,-0.0003080560035590
3.0556001539477364,-0.0004499636234250
3.0670658205666776,-0.0006015804684931
3.0785314871856184,-0.0007629786543064
3.0899971538045592,-0.0009342231874693
3.1014628204235004,-0.0011153722988642
3.1129284870424412,-0.0013064777684207
3.1243941536613820,-0.0015075852411200
3.1358598202803227,-0.0017187345339859
