0.0057328333094704,-0.4963263836708638
0.0171984999284113,-0.4967359528452991
0.0286641665473521,-0.4971358346590601
0.0401298331662930,-0.4975250673423771
0.0515954997852338,-0.4979027349029085
0.0630611664041747,-0.4982679686494101
0.0745268330231155,-0.4986199485979092
0.0859924996420564,-0.4989579047666625
0.0974581662609972,-0.4992811183666045
0.1089238328799381,-0.4995889228943176
0.1203894994988789,-0.4998807051347567
0.1318551661178198,-0.5001559060810109
0.1433208327367606,-0.5004140217783279
0.1547864993557015,-0.5006546040994381
0.1662521659746423,-0.5008772614579278
0.1777178325935832,-0.5010816594659628
0.1891834992125240,-0.5012675215421544
0.2006491658314649,-0.5014346294747165
0.2121148324504057,-0.5015828239442911
0.2235804990693466,-0.5017120050100081
0.2350461656882874,-0.5018221325613620
0.2465118323072283,-0.5019132267374696
0.2579774989261692,-0.5019853683141413
0.2694431655451100,-0.5020386990579507
0.2809088321640508,-0.5020734220452264
0.2923744987829917,-0.5020898019424740
0.3038401654019325,-0.5020881652432840
0.3153058320208734,-0.5020689004552510
0.3267714986398143,-0.5020324582288282
0.3382371652587551,-0.5019793514183652
0.3497028318776960,-0.5019101550638654
0.3611684984966368,-0.5018255062801793
0.3726341651155776,-0.5017261040385843
0.3840998317345185,-0.5016127088237718
0.3955654983534593,-0.5014861421473711
0.4070311649724002,-0.5013472858972499
0.4184968315913410,-0.5011970814998522
0.4299624982102819,-0.5010365288709209
0.4414281648292228,-0.5008666851280437
0.4528938314481636,-0.5006886630365742
0.4643594980671044,-0.5005036291586816
0.4758251646860454,-0.5003128016735302
0.4872908313049862,-0.5001174478350014
0.4987564979239270,-0.4999188810318783
0.5102221645428678,-0.4997184574141531
0.5216878311618087,-0.4995175720480389
0.5331534977807495,-0.4993176545615017
0.5446191643996904,-0.4991201642416928
0.5560848310186313,-0.4989265845455703
0.5675504976375721,-0.4987384169854397
0.5790161642565129,-0.4985571743520641
0.5904818308754538,-0.4983843732395641
0.6019474974943947,-0.4982215258385822
0.6134131641133355,-0.4980701309673197
0.6248788307322763,-0.4979316643139980
0.6363444973512172,-0.4978075678694294
0.6478101639701580,-0.4976992385345516
0.6592758305890990,-0.4976080158953853
0.6707414972080398,-0.4975351691668413
0.6822071638269805,-0.4974818833174775
0.6936728304459215,-0.4974492443997345
0.7051384970648623,-0.4974382241245473
0.7166041636838031,-0.4974496637358120
0.7280698303027441,-0.4974842572590368
0.7395354969216849,-0.4975425342198878
0.7510011635406257,-0.4976248419524281
0.7624668301595666,-0.4977313276437805
0.7739324967785074,-0.4978619202918471
0.7853981633974483,-0.4980163127858825
0.7968638300163892,-0.4981939443558982
0.8083294966353299,-0.4983939836765448
0.8197951632542708,-0.4986153129537941
0.8312608298732117,-0.4988565133686499
0.8427264964921526,-0.4991158523007988
0.8541921631110934,-0.4993912728061772
0.8656578297300342,-0.4996803858754392
0.8771234963489751,-0.4999804660541453
0.8885891629679159,-0.5002884510593000
0.9000548295868568,-0.5006009460789427
0.9115204962057977,-0.5009142334900426
0.9229861628247384,-0.5012242887725253
0.9344518294436793,-0.5015268034309037
0.9459174960626201,-0.5018172157561306
0.9573831626815611,-0.5020907502646853
0.9688488293005020,-0.5023424666347193
0.9803144959194428,-0.5025673189145866
0.9917801625383835,-0.5027602257015629
1.0032458291573243,-0.5029161518713220
1.0147114957762653,-0.5030302022758473
1.0261771623952063,-0.5030977276132443
1.0376428290141471,-0.5031144424032310
1.0491084956330878,-0.5030765546755466
1.0605741622520286,-0.5029809065973898
1.0720398288709696,-0.5028251248383966
1.0835054954899104,-0.5026077790130676
1.0949711621088514,-0.5023285460757778
1.1064368287277921,-0.5019883781080886
1.1179024953467329,-0.5015896705785829
1.1293681619656737,-0.5011364279275395
1.1408338285846147,-0.5006344232906765
1.1522994952035555,-0.5000913493770560
1.1637651618224965,-0.4995169579716147
1.1752308284414372,-0.4989231861875246
1.1866964950603780,-0.4983242682608186
1.1981621616793190,-0.4977368319512312
1.2096278282982598,-0.4971799777326608
1.2210934949172005,-0.4966753356481329
1.2325591615361415,-0.4962470869602048
1.2440248281550823,-0.4959219225704501
1.2554904947740233,-0.4957288834542981
1.2669561613929641,-0.4956989846593817
1.2784218280119048,-0.4958644574245893
1.2898874946308456,-0.4962573475953642
1.3013531612497866,-0.4969070796123478
1.3128188278687274,-0.4978364394090721
1.3242844944876684,-0.4990552711345342
1.3357501611066092,-0.5005510835280231
1.3472158277255499,-0.5022758502111319
1.3586814943444907,-0.5041288012183219
1.3701471609634315,-0.5059363396592644
1.3816128275823727,-0.5074329819538861
1.3930784942013135,-0.5082521958747022
1.4045441608202542,-0.5079439071488172
1.4160098274391950,-0.5060460754155572
1.4274754940581358,-0.5022479539348905
1.4389411606770768,-0.4966819372087523
1.4504068272960178,-0.4903436470550954
1.4618724939149585,-0.4855160356175130
1.4733381605338993,-0.4857916628685973
1.4848038271528401,-0.4948240563021551
1.4962694937717809,-0.5125795875298211
1.5077351603907219,-0.5288351997181817
1.5192008270096629,-0.5191176773299455
1.5306664936286036,-0.4645485877020488
1.5421321602475444,-0.4492575641141009
1.5535978268664852,-0.6542434099574335
1.5650634934854262,-0.2902766007815667
1.5765291601043669,0.3379839892518787
1.5879948267233079,0.5309413439503003
1.5994604933422487,0.5369059369415909
1.6109261599611895,0.5044164461026776
1.6223918265801305,0.4837865087210890
1.6338574931990713,0.4821908358017624
1.6453231598180120,0.4910806828300211
1.6567888264369530,0.5011981751564071
1.6682544930558938,0.5076646667719629
1.6797201596748346,0.5095881681106454
1.6911858262937756,0.5081424363355356
1.7026514929127163,0.5050048389548540
1.7141171595316571,0.5015547065281032
1.7255828261505981,0.4986395510011282
1.7370484927695389,0.4966302965679365
1.7485141593884799,0.4955710962975147
1.7599798260074206,0.4953255794060037
1.7714454926263614,0.4956848131718673
1.7829111592453022,0.4964340391116623
1.7943768258642432,0.4973871124817852
1.8058424924831842,0.4983995465126756
1.8173081591021250,0.4993691871485818
1.8287738257210657,0.5002308077831109
1.8402394923400065,0.5009485138865516
1.8517051589589473,0.5015081031720892
1.8631708255778880,0.5019103960297282
1.8746364921968293,0.5021658836362096
1.8861021588157700,0.5022906858083298
1.8975678254347108,0.5023036481236836
1.9090334920536516,0.5022243552655564
1.9204991586725924,0.5020718419389765
1.9319648252915331,0.5018638123701193
1.9434304919104741,0.5016162167193849
1.9548961585294149,0.5013430687866085
1.9663618251483561,0.5010564203158314
1.9778274917672969,0.5007664319360797
1.9892931583862377,0.5004814995990896
2.0007588250051787,0.5002084091680719
2.0122244916241194,0.4999525015966336
2.0236901582430602,0.4997178378756675
2.0351558248620010,0.4995073574338610
2.0466214914809417,0.4993230266022964
2.0580871580998825,0.4991659755876167
2.0695528247188233,0.4990366235020968
2.0810184913377645,0.4989347916287892
2.0924841579567053,0.4988598054325145
2.1039498245756461,0.4988105859813604
2.1154154911945873,0.4987857314952538
2.1268811578135280,0.4987835897363625
2.1383468244324688,0.4988023219291918
2.1498124910514096,0.4988399588624826
2.1612781576703504,0.4988944497885481
2.1727438242892911,0.4989637047020994
2.1842094909082319,0.4990456305506870
2.1956751575271727,0.4991381619022217
2.2071408241461139,0.4992392865706916
2.2186064907650547,0.4993470666781193
2.2300721573839954,0.4994596556080549
2.2415378240029362,0.4995753112830980
2.2530034906218770,0.4996924061753717
2.2644691572408182,0.4998094344347510
2.2759348238597590,0.4999250164947947
2.2874004904786998,0.5000379014909788
2.2988661570976405,0.5001469678002877
2.3103318237165813,0.5002512219856551
2.3217974903355221,0.5003497964035708
2.3332631569544633,0.5004419457085660
2.3447288235734041,0.5005270424645728
2.3561944901923448,0.5006045720504375
2.3676601568112856,0.5006741270254499
2.3791258234302264,0.5007354011005870
2.3905914900491672,0.5007881828424738
2.4020571566681084,0.5008323492198095
2.4135228232870491,0.5008678590861836
2.4249884899059899,0.5008947466788798
2.4364541565249307,0.5009131152002873
2.4479198231438719,0.5009231305369384
2.4593854897628127,0.5009250151608472
2.4708511563817535,0.5009190422486894
2.4823168230006942,0.5009055300463273
2.4937824896196350,0.5008848364991837
2.5052481562385758,0.5008573541628754
2.5167138228575165,0.5008235054033509
2.5281794894764573,0.5007837378912606
2.5396451560953985,0.5007385203915977
2.5511108227143393,0.5006883388464565
2.5625764893332801,0.5006336927461835
2.5740421559522213,0.5005750917820697
2.5855078225711621,0.5005130527720669
2.5969734891901028,0.5004480968496441
2.6084391558090436,0.5003807469049368
2.6199048224279844,0.5003115252666014
2.6313704890469252,0.5002409516122782
2.6428361556658659,0.5001695410953084
2.6543018222848067,0.5000978026751951
2.6657674889037475,0.5000262376393372
2.6772331555226887,0.4999553383037112
2.6886988221416295,0.4998855868803702
2.7001644887605707,0.4998174544999889
2.7116301553795115,0.4997514003780118
2.7230958219984522,0.4996878711134100
2.7345614886173930,0.4996273001094812
2.7460271552363338,0.4995701071066341
2.7574928218552746,0.4995166978175520
2.7689584884742153,0.4994674636556719
2.7804241550931561,0.4994227815484013
2.7918898217120969,0.4993830138269936
2.8033554883310376,0.4993485081855154
2.8148211549499789,0.4993195977017947
2.8262868215689201,0.4992966009137518
2.8377524881878609,0.4992798219449351
2.8492181548068016,0.4992695506735414
2.8606838214257424,0.4992660629396168
2.8721494880446832,0.4992696207855488
2.8836151546636239,0.4992804727253224
2.8950808212825647,0.4992988540383987
2.9065464879015055,0.4993249870844079
2.9180121545204463,0.4993590816351670
2.9294778211393870,0.4994013352208699
2.9409434877583283,0.4994519334875300
2.9524091543772690,0.4995110505630782
2.9638748209962102,0.4995788494297404
2.9753404876151510,0.4996554823005666
2.9868061542340918,0.4997410909981696
2.9982718208530326,0.4998358073339972
3.0097374874719733,0.4999397534865745
3.0212031540909141,0.5000530423773776
3.0326688207098549,0.5001757780431428
3.0441344873287957,0.5003080560035590
3.0556001539477364,0.5004499636234250
3.0670658205666776,0.5006015804684931
3.0785314871856184,0.5007629786543064
3.0899971538045592,0.5009342231874693
3.1014628204235004,0.5011153722988642
3.1129284870424412,0.5013064777684207
3.1243941536613820,0.5015075852411200
3.1358598202803227,0.5017187345339859
